"cod_manz","pob_tot","dens_pob","pct_pob_65","pct_ener","ivs","ivs_quintil"
"2300110000000000090307",10,1426.47247305433,50,62.5,0.788990580273544,"Muy alta"
"2300110000000000140404",13,14191.5320749185,38.4615384615385,50,0.764986419059376,"Muy alta"
"2300110000000000090309",40,6721.99732739346,41.25,73.3333333333333,0.76314380449543,"Muy alta"
"2300110000000000080405",11,1402.12873757828,45.4545454545455,50,0.742851686230568,"Muy alta"
"2300110000000000060309",15,2296.2133874049,43.3333333333333,80,0.741253658596462,"Muy alta"
"2300110000000000060303",17,3482.87899235597,41.1764705882353,18.4210526315789,0.736253809716625,"Muy alta"
"2300110000000000140610",27,37057.0687850888,29.6296296296296,77.7777777777778,0.714852559655808,"Muy alta"
"2300110000000000070403",14,2763.60204770166,39.2857142857143,71.4285714285714,0.70814579435363,"Muy alta"
"2300110000000000170506",20,25464.3674453931,30,66.6666666666667,0.703629953744128,"Muy alta"
"2300110000000000050110",21,5712.01312437609,35.7142857142857,70,0.701310029691588,"Muy alta"
"2300110000000000140519",22,21787.0443157477,29.5454545454545,81.8181818181818,0.692879584908341,"Muy alta"
"2300110000000000090506",54,7147.07106923284,33.3333333333333,52.1739130434783,0.686416343964791,"Muy alta"
"2300110000000000080917",25,9941.94747675417,32,87.5,0.686213160057751,"Muy alta"
"2300110000000000140921",43,36321.8850007087,26.7441860465116,100,0.685200890884669,"Muy alta"
"2300110000000000070707",57,12744.9691730738,30.7017543859649,77.7777777777778,0.683111571029368,"Muy alta"
"2300110000000000090224",37,5836.77842452987,33.7837837837838,91.6666666666667,0.682864532582182,"Muy alta"
"2300110000000000060505",51,9376.92527803149,31.3725490196078,91.6666666666667,0.677610983743808,"Muy alta"
"2300110000000000060606",29,6558.78079022011,32.7586206896552,47.8260869565217,0.677252199674873,"Muy alta"
"2300110000000000140718",18,22281.9191429706,27.7777777777778,87.5,0.676096367950892,"Muy alta"
"2300110000000000090305",23,3716.1487071945,34.7826086956522,58.3333333333333,0.6748937315079,"Muy alta"
